{
  "sigma": 7.099779063118658,
  "n_samples": 102,
  "mean_sq": 100.81372549019608,
  "expected": 8.89825347162321,
  "p90": 15.23588466361305,
  "trained_at": "2025-11-27T03:58:35.506977"
}