{
  "sigma": 6.904105059069326,
  "n_samples": 51,
  "mean_sq": 95.33333333333333,
  "expected": 8.653012476043052,
  "p90": 14.81597489869518,
  "trained_at": "2025-11-27T02:04:49.430113"
}